{"cameraMode":{"drawMode":0,"name":"Shaded","section":"Shading Mode"},"sceneLighting":false,"audioPlay":false,"sceneViewState":{"showFog":true,"showMaterialUpdate":false,"showSkybox":false,"showFlares":true,"showImageEffects":true,"showParticleSystems":true,"showVisualEffectGraphs":true,"m_FxEnabled":true},"in2DMode":false,"pivot":{"x":-2.9174723625183107,"y":0.9169090986251831,"z":2.528327465057373},"rotation":{"x":-0.0008971524657681584,"y":0.9921999573707581,"z":-0.12448320537805557,"w":-0.007143361493945122},"size":4.359751224517822,"orthographic":false}