{"cameraMode":{"drawMode":0,"name":"Shaded","section":"Shading Mode"},"sceneLighting":false,"audioPlay":false,"sceneViewState":{"showFog":true,"showMaterialUpdate":false,"showSkybox":false,"showFlares":true,"showImageEffects":true,"showParticleSystems":true,"showVisualEffectGraphs":true,"m_FxEnabled":true},"in2DMode":false,"pivot":{"x":0.7304892539978027,"y":1.1328046321868897,"z":5.3600006103515629},"rotation":{"x":-0.11839969456195831,"y":0.04674912616610527,"z":-0.005580335855484009,"w":-0.9918571710586548},"size":7.215231895446777,"orthographic":false}